Workbook

Sheet Employee
A1: Employee Attrition Data
A2: EmpID | B2: Name | C2: Department | D2: Gender | E2: Experience | F2: Salary | G2: Attrition | H2: seniority | I2: High Salary | J2: retention bonus | K2: proper case | L2: first 2 letters | M2: Column1
A3: 119 | B3: Naveen | C3: IT | D3: M | E3: 10 | F3: 80000 | G3: No | H3: =IF(Table1[[#This Row],[Experience]]>E4,"senior","junior") -> senior | I3: =IF(Table1[[#This Row],[Salary]]>50000,"High Salary","Low Salary") -> High Salary | J3: =IF(F3>60000,F3*0.1,0) -> 8000 | K3: =PROPER(Table1[[#This Row],[Name]]) -> Naveen | L3: =LEFT(Table1[[#This Row],[Name]],2) -> Na | M3: =IF(Table1[[#This Row],[Salary]]>50000,"bonus","no bonus") -> bonus
A4: 112 | B4: Swathi | C4: IT | D4: F | E4: 9 | F4: 75000 | G4: No | H4: =IF(Table1[[#This Row],[Experience]]>E5,"senior","junior") -> senior | I4: =IF(Table1[[#This Row],[Salary]]>50000,"High Salary","Low Salary") -> High Salary | J4: =IF(F4>60000,F4*0.1,0) -> 7500 | K4: =PROPER(Table1[[#This Row],[Name]]) -> Swathi | L4: =LEFT(Table1[[#This Row],[Name]],2) -> Sw | M4: =IF(Table1[[#This Row],[Salary]]>50000,"bonus","no bonus") -> bonus
A5: 116 | B5: Geetha | C5: IT | D5: F | E5: 8 | F5: 72000 | G5: No | H5: =IF(Table1[[#This Row],[Experience]]>E6,"senior","junior") -> junior | I5: =IF(Table1[[#This Row],[Salary]]>50000,"High Salary","Low Salary") -> High Salary | J5: =IF(F5>60000,F5*0.1,0) -> 7200 | K5: =PROPER(Table1[[#This Row],[Name]]) -> Geetha | L5: =LEFT(Table1[[#This Row],[Name]],2) -> Ge | M5: =IF(Table1[[#This Row],[Salary]]>50000,"bonus","no bonus") -> bonus
A6: 106 | B6: Sunil | C6: IT | D6: M | E6: 8 | F6: 70000 | G6: No | H6: =IF(Table1[[#This Row],[Experience]]>E7,"senior","junior") -> senior | I6: =IF(Table1[[#This Row],[Salary]]>50000,"High Salary","Low Salary") -> High Salary | J6: =IF(F6>60000,F6*0.1,0) -> 7000 | K6: =PROPER(Table1[[#This Row],[Name]]) -> Sunil | L6: =LEFT(Table1[[#This Row],[Name]],2) -> Su | M6: =IF(Table1[[#This Row],[Salary]]>50000,"bonus","no bonus") -> bonus
A7: 104 | B7: Anita | C7: IT | D7: F | E7: 7 | F7: 65000 | G7: No | H7: =IF(Table1[[#This Row],[Experience]]>E8,"senior","junior") -> senior | I7: =IF(Table1[[#This Row],[Salary]]>50000,"High Salary","Low Salary") -> High Salary | J7: =IF(F7>60000,F7*0.1,0) -> 6500 | K7: =PROPER(Table1[[#This Row],[Name]]) -> Anita | L7: =LEFT(Table1[[#This Row],[Name]],2) -> An | M7: =IF(Table1[[#This Row],[Salary]]>50000,"bonus","no bonus") -> bonus
A8: 109 | B8: Deepa | C8: IT | D8: F | E8: 6 | F8: 62000 | G8: No | H8: =IF(Table1[[#This Row],[Experience]]>E9,"senior","junior") -> junior | I8: =IF(Table1[[#This Row],[Salary]]>50000,"High Salary","Low Salary") -> High Salary | J8: =IF(F8>60000,F8*0.1,0) -> 6200 | K8: =PROPER(Table1[[#This Row],[Name]]) -> Deepa | L8: =LEFT(Table1[[#This Row],[Name]],2) -> De | M8: =IF(Table1[[#This Row],[Salary]]>50000,"bonus","no bonus") -> bonus
A9: 115 | B9: Venkat | C9: Sales | D9: M | E9: 7 | F9: 55000 | G9: No | H9: =IF(Table1[[#This Row],[Experience]]>E10,"senior","junior") -> senior | I9: =IF(Table1[[#This Row],[Salary]]>50000,"High Salary","Low Salary") -> High Salary | J9: =IF(F9>60000,F9*0.1,0) -> 0 | K9: =PROPER(Table1[[#This Row],[Name]]) -> Venkat | L9: =LEFT(Table1[[#This Row],[Name]],2) -> Ve | M9: =IF(Table1[[#This Row],[Salary]]>50000,"bonus","no bonus") -> bonus
A10: 118 | B10: Divya | C10: HR | D10: F | E10: 6 | F10: 50000 | G10: No | H10: =IF(Table1[[#This Row],[Experience]]>E11,"senior","junior") -> senior | I10: =IF(Table1[[#This Row],[Salary]]>50000,"High Salary","Low Salary") -> Low Salary | J10: =IF(F10>60000,F10*0.1,0) -> 0 | K10: =PROPER(Table1[[#This Row],[Name]]) -> Divya | L10: =LEFT(Table1[[#This Row],[Name]],2) -> Di | M10: =IF(Table1[[#This Row],[Salary]]>50000,"bonus","no bonus") -> no bonus
A11: 120 | B11: Suresh | C11: Sales | D11: M | E11: 5 | F11: 48000 | G11: No | H11: =IF(Table1[[#This Row],[Experience]]>E12,"senior","junior") -> junior | I11: =IF(Table1[[#This Row],[Salary]]>50000,"High Salary","Low Salary") -> Low Salary | J11: =IF(F11>60000,F11*0.1,0) -> 0 | K11: =PROPER(Table1[[#This Row],[Name]]) -> Suresh | L11: =LEFT(Table1[[#This Row],[Name]],2) -> Su | M11: =IF(Table1[[#This Row],[Salary]]>50000,"bonus","no bonus") -> no bonus
A12: 111 | B12: Harish | C12: HR | D12: M | E12: 5 | F12: 47000 | G12: No | H12: =IF(Table1[[#This Row],[Experience]]>E13,"senior","junior") -> junior | I12: =IF(Table1[[#This Row],[Salary]]>50000,"High Salary","Low Salary") -> Low Salary | J12: =IF(F12>60000,F12*0.1,0) -> 0 | K12: =PROPER(Table1[[#This Row],[Name]]) -> Harish | L12: =LEFT(Table1[[#This Row],[Name]],2) -> Ha | M12: =IF(Table1[[#This Row],[Salary]]>50000,"bonus","no bonus") -> no bonus
A13: 102 | B13: Sita | C13: HR | D13: F | E13: 5 | F13: 45000 | G13: No | H13: =IF(Table1[[#This Row],[Experience]]>E14,"senior","junior") -> senior | I13: =IF(Table1[[#This Row],[Salary]]>50000,"High Salary","Low Salary") -> Low Salary | J13: =IF(F13>60000,F13*0.1,0) -> 0 | K13: =PROPER(Table1[[#This Row],[Name]]) -> Sita | L13: =LEFT(Table1[[#This Row],[Name]],2) -> Si | M13: =IF(Table1[[#This Row],[Salary]]>50000,"bonus","no bonus") -> no bonus
A14: 114 | B14: Latha | C14: HR | D14: F | E14: 4 | F14: 44000 | G14: No | H14: =IF(Table1[[#This Row],[Experience]]>E15,"senior","junior") -> junior | I14: =IF(Table1[[#This Row],[Salary]]>50000,"High Salary","Low Salary") -> Low Salary | J14: =IF(F14>60000,F14*0.1,0) -> 0 | K14: =PROPER(Table1[[#This Row],[Name]]) -> Latha | L14: =LEFT(Table1[[#This Row],[Name]],2) -> La | M14: =IF(Table1[[#This Row],[Salary]]>50000,"bonus","no bonus") -> no bonus
... A22: 103 | B22: John | C22: Sales | D22: M | E22: 1 | F22: 30000 | G22: Yes | H22: =IF(Table1[[#This Row],[Experience]]>E23,"senior","junior") -> senior | I22: =IF(Table1[[#This Row],[Salary]]>50000,"High Salary","Low Salary") -> Low Salary | J22: =IF(F22>60000,F22*0.1,0) -> 0 | K22: =PROPER(Table1[[#This Row],[Name]]) -> John | L22: =LEFT(Table1[[#This Row],[Name]],2) -> Jo | M22: =IF(Table1[[#This Row],[Salary]]>50000,"bonus","no bonus") -> no bonus

Sheet Business Questions
A1: Business Questions
A3: 1 | B3: What is the total salary paid to all employees? | C3: =SUM(Table1[Salary]) -> 1008000
A4: 2 | B4: What is the average salary of employees? | C4: =AVERAGE(Table1[Salary]) -> 50400
A5: 3 | B5: What is the highest salary? | C5: =MAX(Table1[Salary]) -> 80000
A6: 4 | B6: What is the lowest salary? | C6: =MIN(Table1[Salary]) -> 30000
A7: 5 | B7: How many employees are there? | C7: =COUNT(Table1[EmpID]) -> 20
A8: 6 | B8: How many employees are working in IT? | C8: =COUNTIF(Table1[Department],Table1[[#This Row],[Department]]) -> 7
A9: 7 | B9: How many employees are working in Sales? | C9: =COUNTIF(Table1[Department],Employee!C5) -> 7
A10: 8 | B10: What is the total salary of IT employees? | C10: =SUMIF(Table1[Department],Employee!C6,Table1[Salary]) -> 459000
A11: 9 | B11: What is the total salary of HR employees? | C11: =SUMIF(Table1[Department],Employee!C4,Table1[Salary]) -> 459000
A12: 10 | B12: What is the average salary of Sales employees? | C12: =AVERAGEIF(Table1[Department],Employee!C9,Table1[Salary]) -> 40625
A13: 11 | B13: How many employees left the company? | C13: =COUNTIF(Table1[Attrition],Employee!G3) -> 14
A14: 12 | B14: How many employees stayed in the company? | C14: =COUNTIF(Table1[Attrition],Employee!G4) -> 14
A15: 13 | B15: Calculate attrition status: | C15: =COUNTIF(Table1[Attrition],Employee!G3)/COUNTA(Table1[Attrition]) -> 0.7 | D15: there are 6 people who left the company and there are 14 people in the company and the attrition rate is 30%
A16: 14 | B16: Employees with experience > 5 years should be marked as Senior. | C16: Mentioned in the table
A17: 15 | B17: How many employees have more than 5 years experience? | C17: =COUNTIF(Table1[Experience],">5") -> 8
A18: 16 | B18: Employees earning above ₹50,000 should be marked High Salary. | C18: Mentioned in the table
A19: 17 | B19: How many employees earn more than ₹50,000? | C19: =COUNTIF(Table1[Salary],">50000") -> 7
A20: 18 | B20: Calculate 10% retention bonus for employees earning more than ₹60,000. | C20: Mentioned in table
A21: 19 | B21: Convert employee names into proper case. | C21: Mentioned in table
A22: 20 | B22: Extract first 2 letters from employee names. | C22: Mentioned in table

Sheet Interview Questions
A1: Interview Questions
B3: What formula will you use to find the total salary paid to employees? | I3: Sum
B4: What formula will you use to calculate average employee salary? | I4: average
B5: How will you identify the employee with the highest salary? | I5: max
B6: How will you find the number of employees in the company? | I6: count
B7: How will you count employees in the IT department? | I7: countif
B8: HR wants total salary paid to Sales department. Which formula will you use? | I8: sumif
B9: How will you calculate average salary of HR department? | I9: averageif
B10: How will you classify employees as High Salary and Low Salary? | I10: max&min
B11: How will you identify employees with experience greater than 5 years? | I11: if
B12: How will you calculate bonus only for employees earning above ₹50,000? | I12: if
